{
  "info": {
    "_postman_id": "71ca9bd3-e3e3-4109-a54c-b874f2073294",
    "name": "ChatKitty Application",
    "schema": "https://schema.getpostman.com/json/collection/v2.1.0/collection.json"
  },
  "item": [
    {
      "name": "Authorization",
      "item": [
        {
          "name": "Request Client Access Token",
          "event": [
            {
              "listen": "test",
              "script": {
                "id": "d6c20369-35a4-46a5-af14-75e694088000",
                "exec": [
                  "tests[\"Status code is 200\"] = responseCode.code === 200;",
                  "",
                  "",
                  "var jsonData = JSON.parse(responseBody);",
                  "tests[\"Access token is returned\"] = jsonData.access_token;",
                  "",
                  "postman.setEnvironmentVariable(\"client_access_token\", jsonData.access_token);"
                ],
                "type": "text/javascript"
              }
            }
          ],
          "request": {
            "auth": {
              "type": "basic",
              "basic": [
                {
                  "key": "username",
                  "value": "{{client_id}}",
                  "type": "string"
                },
                {
                  "key": "password",
                  "value": "{{client_secret}}",
                  "type": "string"
                },
                {
                  "key": "saveHelperData",
                  "value": true,
                  "type": "boolean"
                },
                {
                  "key": "showPassword",
                  "value": false,
                  "type": "boolean"
                }
              ]
            },
            "method": "POST",
            "header": [
              {
                "key": "Authorization",
                "value": "Basic YWNtZTphY21lc2VjcmV0"
              }
            ],
            "body": {
              "mode": "formdata",
              "formdata": [
                {
                  "key": "grant_type",
                  "value": "client_credentials",
                  "type": "text"
                },
                {
                  "key": "username",
                  "value": "{{client_id}}",
                  "type": "text"
                },
                {
                  "key": "password",
                  "value": "{{client_secret}}",
                  "type": "text"
                }
              ],
              "options": {
                "formdata": {}
              }
            },
            "url": {
              "raw": "{{authorization_base_url}}/oauth/token",
              "host": [
                "{{authorization_base_url}}"
              ],
              "path": [
                "oauth",
                "token"
              ]
            }
          },
          "response": []
        }
      ],
      "protocolProfileBehavior": {}
    },
    {
      "name": "Root",
      "item": [
        {
          "name": "Get Application",
          "event": [
            {
              "listen": "test",
              "script": {
                "id": "4e4c269f-f8f8-4ddd-b241-f1730ff6d8c0",
                "exec": [
                  "tests[\"Status code is 200\"] = responseCode.code === 200;\r",
                  "\r",
                  "let response = JSON.parse(responseBody);\r",
                  "let links = response._links\r",
                  "\r",
                  "tests[\"self link is returned\"] = links.self;\r",
                  "tests[\"users link is returned\"] = links.users;\r",
                  "tests[\"channels link is returned\"] = links.channels;\r",
                  "tests[\"push_notification_credentials link is returned\"] = links.pushNotificationCredentials;\r",
                  "\r",
                  "postman.setEnvironmentVariable(\"application_link\", links.self.href);\r",
                  "postman.setEnvironmentVariable(\"application_users_link\", links.users.href);\r",
                  "postman.setEnvironmentVariable(\"application_channels_link\", links.channels.href);\r",
                  "postman.setEnvironmentVariable(\"application_push_notification_credentials_link\", links.pushNotificationCredentials.href);"
                ],
                "type": "text/javascript"
              }
            }
          ],
          "protocolProfileBehavior": {
            "disableBodyPruning": true
          },
          "request": {
            "method": "GET",
            "header": [
              {
                "key": "Content-Type",
                "type": "text",
                "value": "application/json"
              }
            ],
            "body": {
              "mode": "raw",
              "raw": "",
              "options": {
                "raw": {}
              }
            },
            "url": {
              "raw": "{{application_link}}",
              "host": [
                "{{application_link}}"
              ]
            }
          },
          "response": []
        }
      ],
      "protocolProfileBehavior": {}
    },
    {
      "name": "User",
      "item": [
        {
          "name": "Create Imported Person Users",
          "event": [
            {
              "listen": "test",
              "script": {
                "id": "5be3e873-22a2-6cdb-acdb-b252411543c7",
                "exec": [
                  "tests[\"Status code is 200\"] = responseCode.code === 200;"
                ],
                "type": "text/javascript"
              }
            }
          ],
          "request": {
            "method": "POST",
            "header": [
              {
                "key": "Content-Type",
                "type": "text",
                "value": "multipart/form-data"
              }
            ],
            "body": {
              "mode": "formdata",
              "formdata": [
                {
                  "key": "file",
                  "type": "file",
                  "src": "files/chat_person_import.json"
                }
              ],
              "options": {
                "raw": {}
              }
            },
            "url": {
              "raw": "{{application_users_link}}",
              "host": [
                "{{application_users_link}}"
              ]
            }
          },
          "response": []
        },
        {
          "name": "Create Person User",
          "event": [
            {
              "listen": "test",
              "script": {
                "id": "ac1c013b-fd32-4bfb-9ebd-85da68823e6d",
                "exec": [
                  "tests[\"Status code is 200\"] = responseCode.code === 200;\r",
                  "\r",
                  "let response = JSON.parse(responseBody);\r",
                  "\r",
                  "tests[\"name is returned\"] = response.name === \"chatkitty_user\";\r",
                  "\r",
                  "let links = response._links\r",
                  "\r",
                  "tests[\"self link is returned\"] = links.self;\r",
                  "\r",
                  "postman.setEnvironmentVariable(\"person_user_link\", links.self.href);"
                ],
                "type": "text/javascript"
              }
            }
          ],
          "request": {
            "method": "POST",
            "header": [
              {
                "key": "Content-Type",
                "type": "text",
                "value": "application/json"
              }
            ],
            "body": {
              "mode": "raw",
              "raw": "{\n    \"name\": \"chatkitty_user\",\n    \"displayName\": \"ChatKitty User\"\n}",
              "options": {
                "raw": {}
              }
            },
            "url": {
              "raw": "{{application_users_link}}",
              "host": [
                "{{application_users_link}}"
              ]
            }
          },
          "response": []
        },
        {
          "name": "Get Users",
          "event": [
            {
              "listen": "test",
              "script": {
                "id": "efbc3904-6a4d-445f-b08e-a58f66a7d642",
                "exec": [
                  "tests[\"Status code is 200\"] = responseCode.code === 200;\r",
                  "\r",
                  "let response = JSON.parse(responseBody);\r",
                  "\r",
                  "tests[\"users are returned\"] = response._embedded.users;\r",
                  "\r",
                  "let links = response._links\r",
                  "\r",
                  "tests[\"self link is returned\"] = links.self;\r",
                  "\r",
                  "postman.setEnvironmentVariable(\"users_link\", links.self.href);"
                ],
                "type": "text/javascript"
              }
            }
          ],
          "protocolProfileBehavior": {
            "disableBodyPruning": true
          },
          "request": {
            "method": "GET",
            "header": [
              {
                "key": "Content-Type",
                "type": "text",
                "value": "application/json"
              }
            ],
            "body": {
              "mode": "raw",
              "raw": "",
              "options": {
                "raw": {}
              }
            },
            "url": {
              "raw": "{{application_users_link}}",
              "host": [
                "{{application_users_link}}"
              ]
            }
          },
          "response": []
        },
        {
          "name": "Get Person User",
          "event": [
            {
              "listen": "test",
              "script": {
                "id": "81080f5a-5788-4e27-9f26-ef47fe2695e7",
                "exec": [
                  "tests[\"Status code is 200\"] = responseCode.code === 200;\r",
                  "\r",
                  "let response = JSON.parse(responseBody);\r",
                  "let links = response._links\r",
                  "\r",
                  "tests[\"self link is returned\"] = links.self;\r",
                  "tests[\"channels link is returned\"] = links.channels;\r",
                  "tests[\"tokens link is returned\"] = links.tokens;\r",
                  "tests[\"application link is returned\"] = links.application;\r",
                  "\r",
                  "postman.setEnvironmentVariable(\"person_user_link\", links.self.href);\r",
                  "postman.setEnvironmentVariable(\"person_user_channels_link\", links.channels.href);\r",
                  "postman.setEnvironmentVariable(\"person_user_tokens_link\", links.tokens.href);\r",
                  "postman.setEnvironmentVariable(\"person_user_application_link\", links.application.href);"
                ],
                "type": "text/javascript"
              }
            }
          ],
          "protocolProfileBehavior": {
            "disableBodyPruning": true
          },
          "request": {
            "method": "GET",
            "header": [
              {
                "key": "Content-Type",
                "type": "text",
                "value": "application/json"
              }
            ],
            "body": {
              "mode": "raw",
              "raw": "",
              "options": {
                "raw": {}
              }
            },
            "url": {
              "raw": "{{person_user_link}}",
              "host": [
                "{{person_user_link}}"
              ]
            }
          },
          "response": []
        },
        {
          "name": "Update Person User Tokens",
          "event": [
            {
              "listen": "test",
              "script": {
                "id": "1b5f67a7-5094-48bc-812b-131f965fd050",
                "exec": [
                  "tests[\"Status code is 200\"] = responseCode.code === 200;\r",
                  "\r",
                  "let response = JSON.parse(responseBody);\r",
                  "\r",
                  "tests[\"token is returned\"] = response.token;"
                ],
                "type": "text/javascript"
              }
            }
          ],
          "request": {
            "method": "POST",
            "header": [
              {
                "key": "Content-Type",
                "type": "text",
                "value": "application/json"
              }
            ],
            "body": {
              "mode": "raw",
              "raw": "{}",
              "options": {
                "raw": {}
              }
            },
            "url": {
              "raw": "{{person_user_tokens_link}}",
              "host": [
                "{{person_user_tokens_link}}"
              ]
            }
          },
          "response": []
        },
        {
          "name": "Get Person User Tokens",
          "event": [
            {
              "listen": "test",
              "script": {
                "id": "a58cc14b-a9e4-4214-b062-e6cc18dc05db",
                "exec": [
                  "tests[\"Status code is 200\"] = responseCode.code === 200;\r",
                  "\r",
                  "let response = JSON.parse(responseBody);\r",
                  "\r",
                  "tests[\"tokens are returned\"] = response._embedded.tokens;\r",
                  "\r",
                  "let links = response._links\r",
                  "\r",
                  "tests[\"self link is returned\"] = links.self;\r",
                  "\r",
                  "postman.setEnvironmentVariable(\"person_user_tokens_link\", links.self.href);"
                ],
                "type": "text/javascript"
              }
            }
          ],
          "protocolProfileBehavior": {
            "disableBodyPruning": true
          },
          "request": {
            "method": "GET",
            "header": [
              {
                "key": "Content-Type",
                "type": "text",
                "value": "application/json"
              }
            ],
            "body": {
              "mode": "raw",
              "raw": "",
              "options": {
                "raw": {}
              }
            },
            "url": {
              "raw": "{{person_user_tokens_link}}",
              "host": [
                "{{person_user_tokens_link}}"
              ]
            }
          },
          "response": []
        }
      ],
      "protocolProfileBehavior": {}
    },
    {
      "name": "Channel",
      "item": [
        {
          "name": "Create Imported Channels",
          "event": [
            {
              "listen": "test",
              "script": {
                "id": "5be3e873-22a2-4cdb-acdb-b852611545c6",
                "exec": [
                  "tests[\"Status code is 200\"] = responseCode.code === 200;"
                ],
                "type": "text/javascript"
              }
            }
          ],
          "request": {
            "method": "POST",
            "header": [
              {
                "key": "Content-Type",
                "type": "text",
                "value": "multipart/form-data"
              }
            ],
            "body": {
              "mode": "formdata",
              "formdata": [
                {
                  "key": "file",
                  "type": "file",
                  "src": "files/channel_import.json"
                }
              ],
              "options": {
                "raw": {}
              }
            },
            "url": {
              "raw": "{{application_channels_link}}",
              "host": [
                "{{application_channels_link}}"
              ]
            }
          },
          "response": []
        },
        {
          "name": "Create Open Channel",
          "event": [
            {
              "listen": "test",
              "script": {
                "id": "d89044ea-f37b-492f-8786-da4ef4bbbbf3",
                "exec": [
                  "tests[\"Status code is 200\"] = responseCode.code === 200;\r",
                  "\r",
                  "let response = JSON.parse(responseBody);\r",
                  "\r",
                  "tests[\"type is returned\"] = response.type === \"OPEN\";\r",
                  "tests[\"name is returned\"] = response.name === \"Open Chat\";\r",
                  "\r",
                  "let links = response._links\r",
                  "\r",
                  "tests[\"self link is returned\"] = links.self;\r",
                  "\r",
                  "postman.setEnvironmentVariable(\"open_channel_link\", links.self.href);"
                ],
                "type": "text/javascript"
              }
            }
          ],
          "request": {
            "method": "POST",
            "header": [
              {
                "key": "Content-Type",
                "type": "text",
                "value": "application/json"
              }
            ],
            "body": {
              "mode": "raw",
              "raw": "{\n    \"type\": \"OPEN\",\n    \"name\": \"Open Chat\"\n}",
              "options": {
                "raw": {}
              }
            },
            "url": {
              "raw": "{{application_channels_link}}",
              "host": [
                "{{application_channels_link}}"
              ]
            }
          },
          "response": []
        },
        {
          "name": "Create Public Channel",
          "event": [
            {
              "listen": "test",
              "script": {
                "id": "25b9e429-eec9-4c3e-bc69-6760f6568f85",
                "exec": [
                  "tests[\"Status code is 200\"] = responseCode.code === 200;\r",
                  "\r",
                  "let response = JSON.parse(responseBody);\r",
                  "\r",
                  "tests[\"type is returned\"] = response.type === \"PUBLIC\";\r",
                  "tests[\"name is returned\"] = response.name === \"Public Chat\";\r",
                  "\r",
                  "let links = response._links\r",
                  "\r",
                  "tests[\"self link is returned\"] = links.self;\r",
                  "\r",
                  "postman.setEnvironmentVariable(\"public_channel_link\", links.self.href);"
                ],
                "type": "text/javascript"
              }
            }
          ],
          "request": {
            "method": "POST",
            "header": [
              {
                "key": "Content-Type",
                "type": "text",
                "value": "application/json"
              }
            ],
            "body": {
              "mode": "raw",
              "raw": "{\n    \"type\": \"PUBLIC\",\n    \"name\": \"Public Chat\"\n}",
              "options": {
                "raw": {}
              }
            },
            "url": {
              "raw": "{{application_channels_link}}",
              "host": [
                "{{application_channels_link}}"
              ]
            }
          },
          "response": []
        },
        {
          "name": "Create Direct Channel",
          "event": [
            {
              "listen": "test",
              "script": {
                "id": "d89a4332-6112-4f7d-a171-2b0b6263299b",
                "exec": [
                  "tests[\"Status code is 200\"] = responseCode.code === 200;\r",
                  "\r",
                  "let response = JSON.parse(responseBody);\r",
                  "\r",
                  "tests[\"type is returned\"] = response.type === \"DIRECT\";\r",
                  "\r",
                  "let links = response._links\r",
                  "\r",
                  "tests[\"self link is returned\"] = links.self;\r",
                  "\r",
                  "postman.setEnvironmentVariable(\"direct_channel_link\", links.self.href);"
                ],
                "type": "text/javascript"
              }
            }
          ],
          "request": {
            "method": "POST",
            "header": [
              {
                "key": "Content-Type",
                "type": "text",
                "value": "application/json"
              }
            ],
            "body": {
              "mode": "raw",
              "raw": "{\n    \"type\": \"DIRECT\",\n    \"members\": [\n        {\n            \"href\": \"{{person_user_link}}\"\n        }\n    ]\n}",
              "options": {
                "raw": {}
              }
            },
            "url": {
              "raw": "{{application_channels_link}}",
              "host": [
                "{{application_channels_link}}"
              ]
            }
          },
          "response": []
        },
        {
          "name": "Get Channels",
          "event": [
            {
              "listen": "test",
              "script": {
                "id": "bf92f330-2903-4e58-956c-c7fc8f177592",
                "exec": [
                  "tests[\"Status code is 200\"] = responseCode.code === 200;\r",
                  "\r",
                  "let response = JSON.parse(responseBody);\r",
                  "\r",
                  "tests[\"channels are returned\"] = response._embedded.channels;\r",
                  "\r",
                  "let links = response._links\r",
                  "\r",
                  "tests[\"self link is returned\"] = links.self;\r",
                  "\r",
                  "postman.setEnvironmentVariable(\"channels_link\", links.self.href);"
                ],
                "type": "text/javascript"
              }
            }
          ],
          "protocolProfileBehavior": {
            "disableBodyPruning": true
          },
          "request": {
            "method": "GET",
            "header": [
              {
                "key": "Content-Type",
                "type": "text",
                "value": "application/json"
              }
            ],
            "body": {
              "mode": "raw",
              "raw": "",
              "options": {
                "raw": {}
              }
            },
            "url": {
              "raw": "{{application_channels_link}}",
              "host": [
                "{{application_channels_link}}"
              ]
            }
          },
          "response": []
        },
        {
          "name": "Get Open Channel",
          "event": [
            {
              "listen": "test",
              "script": {
                "id": "2c22ba40-c59f-4766-bfaa-2f1006225b6c",
                "exec": [
                  "tests[\"Status code is 200\"] = responseCode.code === 200;\r",
                  "\r",
                  "let response = JSON.parse(responseBody);\r",
                  "let links = response._links\r",
                  "\r",
                  "tests[\"self link is returned\"] = links.self;\r",
                  "tests[\"messages link is returned\"] = links.messages;\r",
                  "tests[\"application link is returned\"] = links.application;\r",
                  "\r",
                  "postman.setEnvironmentVariable(\"open_channel_link\", links.self.href);\r",
                  "postman.setEnvironmentVariable(\"open_channel_messages_link\", links.messages.href);\r",
                  "postman.setEnvironmentVariable(\"open_channel_application_link\", links.application.href);"
                ],
                "type": "text/javascript"
              }
            }
          ],
          "protocolProfileBehavior": {
            "disableBodyPruning": true
          },
          "request": {
            "method": "GET",
            "header": [
              {
                "key": "Content-Type",
                "type": "text",
                "value": "application/json"
              }
            ],
            "body": {
              "mode": "raw",
              "raw": "",
              "options": {
                "raw": {}
              }
            },
            "url": {
              "raw": "{{open_channel_link}}",
              "host": [
                "{{open_channel_link}}"
              ]
            }
          },
          "response": []
        },
        {
          "name": "Get Public Channel",
          "event": [
            {
              "listen": "test",
              "script": {
                "id": "c26aaa14-37e3-48b8-90ad-2b73f4b193a1",
                "exec": [
                  "tests[\"Status code is 200\"] = responseCode.code === 200;\r",
                  "\r",
                  "let response = JSON.parse(responseBody);\r",
                  "let links = response._links\r",
                  "\r",
                  "tests[\"self link is returned\"] = links.self;\r",
                  "tests[\"messages link is returned\"] = links.messages;\r",
                  "tests[\"participants link is returned\"] = links.participants;\r",
                  "tests[\"members link is returned\"] = links.members;\r",
                  "tests[\"application link is returned\"] = links.application;\r",
                  "\r",
                  "postman.setEnvironmentVariable(\"public_channel_link\", links.self.href);\r",
                  "postman.setEnvironmentVariable(\"public_channel_messages_link\", links.messages.href);\r",
                  "postman.setEnvironmentVariable(\"public_channel_participants_link\", links.participants.href);\r",
                  "postman.setEnvironmentVariable(\"public_channel_members_link\", links.members.href);\r",
                  "postman.setEnvironmentVariable(\"public_channel_application_link\", links.application.href);"
                ],
                "type": "text/javascript"
              }
            }
          ],
          "protocolProfileBehavior": {
            "disableBodyPruning": true
          },
          "request": {
            "method": "GET",
            "header": [
              {
                "key": "Content-Type",
                "type": "text",
                "value": "application/json"
              }
            ],
            "body": {
              "mode": "raw",
              "raw": "",
              "options": {
                "raw": {}
              }
            },
            "url": {
              "raw": "{{public_channel_link}}",
              "host": [
                "{{public_channel_link}}"
              ]
            }
          },
          "response": []
        },
        {
          "name": "Get Direct Channel",
          "event": [
            {
              "listen": "test",
              "script": {
                "id": "b9cd16db-ebde-4d63-83b3-a8bea3564721",
                "exec": [
                  "tests[\"Status code is 200\"] = responseCode.code === 200;\r",
                  "\r",
                  "let response = JSON.parse(responseBody);\r",
                  "let links = response._links\r",
                  "\r",
                  "tests[\"self link is returned\"] = links.self;\r",
                  "tests[\"messages link is returned\"] = links.messages;\r",
                  "tests[\"members link is returned\"] = links.members;\r",
                  "tests[\"application link is returned\"] = links.application;\r",
                  "\r",
                  "postman.setEnvironmentVariable(\"direct_channel_link\", links.self.href);\r",
                  "postman.setEnvironmentVariable(\"direct_channel_messages_link\", links.messages.href);\r",
                  "postman.setEnvironmentVariable(\"direct_channel_members_link\", links.members.href);\r",
                  "postman.setEnvironmentVariable(\"direct_channel_application_link\", links.application.href);"
                ],
                "type": "text/javascript"
              }
            }
          ],
          "protocolProfileBehavior": {
            "disableBodyPruning": true
          },
          "request": {
            "method": "GET",
            "header": [
              {
                "key": "Content-Type",
                "type": "text",
                "value": "application/json"
              }
            ],
            "body": {
              "mode": "raw",
              "raw": "",
              "options": {
                "raw": {}
              }
            },
            "url": {
              "raw": "{{direct_channel_link}}",
              "host": [
                "{{direct_channel_link}}"
              ]
            }
          },
          "response": []
        },
        {
          "name": "Update Public Channel Members",
          "event": [
            {
              "listen": "test",
              "script": {
                "id": "ba39186c-8f4a-4aec-9ec8-b7b733f011bd",
                "exec": [
                  "tests[\"Status code is 200\"] = responseCode.code === 200;\r",
                  "\r",
                  "let response = JSON.parse(responseBody);\r",
                  "let links = response._links\r",
                  "\r",
                  "tests[\"self link is returned\"] = links.self;\r",
                  "\r",
                  "postman.setEnvironmentVariable(\"public_channel_link\", links.self.href);"
                ],
                "type": "text/javascript"
              }
            }
          ],
          "request": {
            "method": "POST",
            "header": [
              {
                "key": "Content-Type",
                "type": "text",
                "value": "application/json"
              }
            ],
            "body": {
              "mode": "raw",
              "raw": "{\r\n    \"href\": \"{{person_user_link}}\"\r\n}",
              "options": {
                "raw": {}
              }
            },
            "url": {
              "raw": "{{public_channel_members_link}}",
              "host": [
                "{{public_channel_members_link}}"
              ]
            }
          },
          "response": []
        },
        {
          "name": "Get Public Channel Members",
          "event": [
            {
              "listen": "test",
              "script": {
                "id": "6147aa2a-d8a8-4f8e-ae53-db87ef899701",
                "exec": [
                  "tests[\"Status code is 200\"] = responseCode.code === 200;\r",
                  "\r",
                  "let response = JSON.parse(responseBody);\r",
                  "\r",
                  "tests[\"users are returned\"] = response._embedded.users;\r",
                  "\r",
                  "let links = response._links\r",
                  "\r",
                  "tests[\"self link is returned\"] = links.self;\r",
                  "\r",
                  "postman.setEnvironmentVariable(\"public_channel_members_link\", links.self.href);"
                ],
                "type": "text/javascript"
              }
            }
          ],
          "protocolProfileBehavior": {
            "disableBodyPruning": true
          },
          "request": {
            "method": "GET",
            "header": [
              {
                "key": "Content-Type",
                "type": "text",
                "value": "application/json"
              }
            ],
            "body": {
              "mode": "raw",
              "raw": "",
              "options": {
                "raw": {}
              }
            },
            "url": {
              "raw": "{{public_channel_members_link}}",
              "host": [
                "{{public_channel_members_link}}"
              ]
            }
          },
          "response": []
        },
        {
          "name": "Get Public Channel Participants",
          "event": [
            {
              "listen": "test",
              "script": {
                "id": "4d834bd1-aa6c-4041-9ddd-5564b1cb3f26",
                "exec": [
                  "tests[\"Status code is 200\"] = responseCode.code === 200;\r",
                  "\r",
                  "let response = JSON.parse(responseBody);\r",
                  "let links = response._links\r",
                  "\r",
                  "tests[\"self link is returned\"] = links.self;\r",
                  "\r",
                  "postman.setEnvironmentVariable(\"public_channel_participants_link\", links.self.href);"
                ],
                "type": "text/javascript"
              }
            }
          ],
          "protocolProfileBehavior": {
            "disableBodyPruning": true
          },
          "request": {
            "method": "GET",
            "header": [
              {
                "key": "Content-Type",
                "type": "text",
                "value": "application/json"
              }
            ],
            "body": {
              "mode": "raw",
              "raw": "",
              "options": {
                "raw": {}
              }
            },
            "url": {
              "raw": "{{public_channel_participants_link}}",
              "host": [
                "{{public_channel_participants_link}}"
              ]
            }
          },
          "response": []
        }
      ],
      "protocolProfileBehavior": {}
    },
    {
      "name": "Message",
      "item": [
        {
          "name": "Create System Text Message",
          "event": [
            {
              "listen": "test",
              "script": {
                "id": "e77f3a3a-dd81-467a-858f-063fea766108",
                "exec": [
                  "tests[\"Status code is 200\"] = responseCode.code === 200;\r",
                  "\r",
                  "let response = JSON.parse(responseBody);\r",
                  "\r",
                  "tests[\"body is returned\"] = response.body === \"Hello public channel!\";\r",
                  "\r",
                  "let links = response._links\r",
                  "\r",
                  "tests[\"self link is returned\"] = links.self;\r",
                  "\r",
                  "postman.setEnvironmentVariable(\"system_text_message_link\", links.self.href);"
                ],
                "type": "text/javascript"
              }
            }
          ],
          "request": {
            "method": "POST",
            "header": [
              {
                "key": "Content-Type",
                "type": "text",
                "value": "application/json"
              }
            ],
            "body": {
              "mode": "raw",
              "raw": "{\n    \"type\": \"TEXT\",\n    \"body\": \"Hello public channel!\"\n}",
              "options": {
                "raw": {}
              }
            },
            "url": {
              "raw": "{{public_channel_messages_link}}",
              "host": [
                "{{public_channel_messages_link}}"
              ]
            }
          },
          "response": []
        },
        {
          "name": "Create System Hosted File Message",
          "event": [
            {
              "listen": "test",
              "script": {
                "id": "8200ec25-85bf-4fd1-8bb8-c894e1ac6cee",
                "exec": [
                  "tests[\"Status code is 200\"] = responseCode.code === 200;\r",
                  "\r",
                  "let response = JSON.parse(responseBody);\r",
                  "\r",
                  "tests[\"file type is returned\"] = response.file.type = \"HOSTED\";\r",
                  "tests[\"file url is returned\"] = response.file.url;\r",
                  "\r",
                  "let links = response._links\r",
                  "\r",
                  "tests[\"self link is returned\"] = links.self;\r",
                  "\r",
                  "postman.setEnvironmentVariable(\"system_hosted_file_message_link\", links.self.href);"
                ],
                "type": "text/javascript"
              }
            }
          ],
          "request": {
            "method": "POST",
            "header": [
              {
                "key": "Content-Type",
                "type": "text",
                "value": "multipart/form-data"
              }
            ],
            "body": {
              "mode": "formdata",
              "formdata": [
                {
                  "key": "file",
                  "type": "file",
                  "src": "./files/public_channel_file_message_file.png"
                },
                {
                  "key": "groupTag",
                  "value": "public_channel_file_message_group_tag",
                  "type": "text"
                }
              ],
              "options": {
                "raw": {}
              }
            },
            "url": {
              "raw": "{{public_channel_messages_link}}",
              "host": [
                "{{public_channel_messages_link}}"
              ]
            }
          },
          "response": []
        },
        {
          "name": "Create System External File Message",
          "event": [
            {
              "listen": "test",
              "script": {
                "id": "1794529c-c87f-4b84-b35a-2a494f6ae657",
                "exec": [
                  "tests[\"Status code is 200\"] = responseCode.code === 200;\r",
                  "\r",
                  "let response = JSON.parse(responseBody);\r",
                  "\r",
                  "tests[\"file type is returned\"] = response.file.type === \"EXTERNAL\";\r",
                  "tests[\"file url is returned\"] = response.file.url === \"https://www.chatkitty.com/images/logo.png\";\r",
                  "tests[\"file name is returned\"] = response.file.name === \"ChatKitty Logo\";\r",
                  "tests[\"file content type is returned\"] = response.file.contentType === \"image/png\";\r",
                  "tests[\"file size is returned\"] = response.file.size === 5393;\r",
                  "\r",
                  "let links = response._links\r",
                  "\r",
                  "tests[\"self link is returned\"] = links.self;\r",
                  "\r",
                  "postman.setEnvironmentVariable(\"system_external_file_message_link\", links.self.href);"
                ],
                "type": "text/javascript"
              }
            }
          ],
          "request": {
            "method": "POST",
            "header": [
              {
                "key": "Content-Type",
                "type": "text",
                "value": "application/json"
              }
            ],
            "body": {
              "mode": "raw",
              "raw": "{\n    \"type\": \"FILE\",\n    \"file\": {\n        \"url\": \"https://www.chatkitty.com/images/logo.png\",\n        \"name\": \"ChatKitty Logo\",\n        \"contentType\": \"image/png\",\n        \"size\": 5393\n    },\n    \"groupTag\": \"public_channel_file_message_group_tag\"\n}",
              "options": {
                "raw": {}
              }
            },
            "url": {
              "raw": "{{public_channel_messages_link}}",
              "host": [
                "{{public_channel_messages_link}}"
              ]
            }
          },
          "response": []
        },
        {
          "name": "Get Messages",
          "event": [
            {
              "listen": "test",
              "script": {
                "id": "12ffca6f-7995-4c7e-a673-24f254e5fb8c",
                "exec": [
                  "tests[\"Status code is 200\"] = responseCode.code === 200;\r",
                  "\r",
                  "let response = JSON.parse(responseBody);\r",
                  "\r",
                  "tests[\"messages are returned\"] = response._embedded.messages;\r",
                  "\r",
                  "let links = response._links\r",
                  "\r",
                  "tests[\"self link is returned\"] = links.self;\r",
                  "\r",
                  "postman.setEnvironmentVariable(\"messages_link\", links.self.href);"
                ],
                "type": "text/javascript"
              }
            }
          ],
          "protocolProfileBehavior": {
            "disableBodyPruning": true
          },
          "request": {
            "method": "GET",
            "header": [
              {
                "key": "Content-Type",
                "type": "text",
                "value": "application/json"
              }
            ],
            "body": {
              "mode": "raw",
              "raw": "",
              "options": {
                "raw": {}
              }
            },
            "url": {
              "raw": "{{public_channel_messages_link}}",
              "host": [
                "{{public_channel_messages_link}}"
              ]
            }
          },
          "response": []
        },
        {
          "name": "Get System Text Message",
          "event": [
            {
              "listen": "test",
              "script": {
                "id": "211fed6d-2894-421c-be2a-88416c232af8",
                "exec": [
                  "tests[\"Status code is 200\"] = responseCode.code === 200;\r",
                  "\r",
                  "let response = JSON.parse(responseBody);\r",
                  "let links = response._links\r",
                  "\r",
                  "tests[\"self link is returned\"] = links.self;\r",
                  "tests[\"channel link is returned\"] = links.channel;\r",
                  "tests[\"application link is returned\"] = links.application;\r",
                  "\r",
                  "postman.setEnvironmentVariable(\"system_text_message_link\", links.self.href);\r",
                  "postman.setEnvironmentVariable(\"system_text_message_channel_link\", links.channel.href);\r",
                  "postman.setEnvironmentVariable(\"system_text_message_application_link\", links.application.href);"
                ],
                "type": "text/javascript"
              }
            }
          ],
          "protocolProfileBehavior": {
            "disableBodyPruning": true
          },
          "request": {
            "method": "GET",
            "header": [
              {
                "key": "Content-Type",
                "type": "text",
                "value": "application/json"
              }
            ],
            "body": {
              "mode": "raw",
              "raw": "",
              "options": {
                "raw": {}
              }
            },
            "url": {
              "raw": "{{system_text_message_link}}",
              "host": [
                "{{system_text_message_link}}"
              ]
            }
          },
          "response": []
        }
      ],
      "protocolProfileBehavior": {}
    },
    {
      "name": "Push Notification Credentials",
      "item": [
        {
          "name": "Create FCM Push Notification Credentials",
          "event": [
            {
              "listen": "test",
              "script": {
                "id": "d1014bed-3a30-404d-8ef5-3fc2ac8c11ae",
                "exec": [
                  "tests[\"Status code is 200\"] = responseCode.code === 200;\r",
                  "\r",
                  "let response = JSON.parse(responseBody);\r",
                  "\r",
                  "tests[\"type is returned\"] = response.type === \"FCM\";\r",
                  "tests[\"apiKey is returned\"] = response.apiKey === \"AAAA70FO2Oc:APA91bGXLR8mV3q8kGlaiz2h-V5do-K14eaoBHk1Xu61IU3lDvMZeuN_Jx6clOHlvueqOQgBqC1KnFH28sctyFWtnq6Jd2CfsyfXlt2Ozsu2Ef6wrPqL4q5xpQ0Xid9kO0L_fh2MWnmL\";\r",
                  "\r",
                  "let links = response._links\r",
                  "\r",
                  "tests[\"self link is returned\"] = links.self;\r",
                  "\r",
                  "postman.setEnvironmentVariable(\"fcm_push_notification_credentials_link\", links.self.href);"
                ],
                "type": "text/javascript"
              }
            }
          ],
          "request": {
            "method": "POST",
            "header": [
              {
                "key": "Content-Type",
                "type": "text",
                "value": "application/json"
              }
            ],
            "body": {
              "mode": "raw",
              "raw": "{\n    \"type\": \"FCM\",\n    \"apiKey\": \"AAAA70FO2Oc:APA91bGXLR8mV3q8kGlaiz2h-V5do-K14eaoBHk1Xu61IU3lDvMZeuN_Jx6clOHlvueqOQgBqC1KnFH28sctyFWtnq6Jd2CfsyfXlt2Ozsu2Ef6wrPqL4q5xpQ0Xid9kO0L_fh2MWnmL\"\n}",
              "options": {
                "raw": {}
              }
            },
            "url": {
              "raw": "{{application_push_notification_credentials_link}}",
              "host": [
                "{{application_push_notification_credentials_link}}"
              ]
            }
          },
          "response": []
        },
        {
          "name": "Get Push Notification Credentials",
          "event": [
            {
              "listen": "test",
              "script": {
                "id": "4dc99512-5254-47de-9e1d-6970ea990ee3",
                "exec": [
                  "tests[\"Status code is 200\"] = responseCode.code === 200;\r",
                  "\r",
                  "let response = JSON.parse(responseBody);\r",
                  "\r",
                  "tests[\"credentials are returned\"] = response._embedded.credentials;\r",
                  "\r",
                  "let links = response._links\r",
                  "\r",
                  "tests[\"self link is returned\"] = links.self;\r",
                  "\r",
                  "postman.setEnvironmentVariable(\"push_notification_credentials_link\", links.self.href);"
                ],
                "type": "text/javascript"
              }
            }
          ],
          "protocolProfileBehavior": {
            "disableBodyPruning": true
          },
          "request": {
            "method": "GET",
            "header": [
              {
                "key": "Content-Type",
                "type": "text",
                "value": "application/json"
              }
            ],
            "body": {
              "mode": "raw",
              "raw": "",
              "options": {
                "raw": {}
              }
            },
            "url": {
              "raw": "{{application_push_notification_credentials_link}}",
              "host": [
                "{{application_push_notification_credentials_link}}"
              ]
            }
          },
          "response": []
        },
        {
          "name": "Get FCM Push Notification Credentials",
          "event": [
            {
              "listen": "test",
              "script": {
                "id": "4127a6c0-337a-45a8-aa36-11b63dc1b142",
                "exec": [
                  "tests[\"Status code is 200\"] = responseCode.code === 200;\r",
                  "\r",
                  "let response = JSON.parse(responseBody);\r",
                  "let links = response._links\r",
                  "\r",
                  "tests[\"self link is returned\"] = links.self;\r",
                  "tests[\"application link is returned\"] = links.application;\r",
                  "\r",
                  "postman.setEnvironmentVariable(\"fcm_push_notification_credentials_link\", links.self.href);\r",
                  "postman.setEnvironmentVariable(\"fcm_push_notification_credentials_application_link\", links.application.href);"
                ],
                "type": "text/javascript"
              }
            }
          ],
          "protocolProfileBehavior": {
            "disableBodyPruning": true
          },
          "request": {
            "method": "GET",
            "header": [
              {
                "key": "Content-Type",
                "type": "text",
                "value": "application/json"
              }
            ],
            "body": {
              "mode": "raw",
              "raw": "",
              "options": {
                "raw": {}
              }
            },
            "url": {
              "raw": "{{fcm_push_notification_credentials_link}}",
              "host": [
                "{{fcm_push_notification_credentials_link}}"
              ]
            }
          },
          "response": []
        }
      ],
      "protocolProfileBehavior": {}
    }
  ],
  "auth": {
    "type": "bearer",
    "bearer": [
      {
        "key": "token",
        "value": "{{client_access_token}}",
        "type": "string"
      }
    ]
  },
  "event": [
    {
      "listen": "prerequest",
      "script": {
        "id": "e0abb5cb-4c53-442d-a664-807ef8bb5830",
        "type": "text/javascript",
        "exec": [
          ""
        ]
      }
    },
    {
      "listen": "test",
      "script": {
        "id": "dd619dd0-297a-483e-af23-ca803ce12edb",
        "type": "text/javascript",
        "exec": [
          ""
        ]
      }
    }
  ],
  "variable": [
    {
      "id": "de4e9279-235a-43da-ad16-6529743cf1ae",
      "key": "client_access_token",
      "value": "",
      "type": "string"
    }
  ],
  "protocolProfileBehavior": {}
}
