{
  "id": "9ef852fd-1835-416f-81ac-21edd180ec2a",
  "name": "ChatKitty Application",
  "values": [
    {
      "key": "api_link",
      "value": "https://api.chatkitty.com/v1",
      "enabled": true
    },
    {
      "key": "authorization_base_url",
      "value": "https://authorization.chatkitty.com",
      "enabled": true
    },
    {
      "key": "application_link",
      "value": "https://api.chatkitty.com/v1/applications/202",
      "enabled": true
    },
    {
      "key": "client_id",
      "value": "c81cd8ae-2d42-41d3-9a75-433f39c63782",
      "enabled": true
    },
    {
      "key": "client_secret",
      "value": "3fa37ef5-8893-481b-ba18-2c805e0fefbf",
      "enabled": true
    }
  ],
  "_postman_variable_scope": "environment",
  "_postman_exported_at": "2020-06-13T01:10:09.057Z",
  "_postman_exported_using": "Postman/7.26.0"
}
